{"cameraMode":{"drawMode":0,"name":"Shaded","section":"Shading Mode"},"sceneLighting":false,"audioPlay":false,"sceneViewState":{"showFog":true,"showMaterialUpdate":false,"showSkybox":false,"showFlares":true,"showImageEffects":true,"showParticleSystems":true},"in2DMode":false,"pivot":{"x":-0.06469065696001053,"y":0.14432501792907716,"z":-0.0006870093056932092},"rotation":{"x":0.09416324645280838,"y":0.06416771560907364,"z":-0.0060819233767688278,"w":0.9934680461883545},"size":2.885910749435425,"orthographic":true}