{"cameraMode":{"drawMode":0,"name":"Shaded","section":"Shading Mode"},"sceneLighting":false,"audioPlay":false,"sceneViewState":{"showFog":true,"showMaterialUpdate":false,"showSkybox":false,"showFlares":true,"showImageEffects":true,"showParticleSystems":true},"in2DMode":false,"pivot":{"x":31.45682144165039,"y":-3.569601058959961,"z":-0.09775066375732422},"rotation":{"x":-0.17311500012874604,"y":0.7503083944320679,"z":-0.21641230583190919,"w":-0.6001952886581421},"size":122.56092834472656,"orthographic":false}